{
  "timestamp": "2026-05-10T00:57:52.500625",
  "num_experiments": 8,
  "experiments": {
    "reupload_depth_1_reupload_qpinn": {
      "rel_l2": 0.038255080580711365,
      "mae": 0.015034934505820274,
      "max_abs_error": 0.03472977876663208,
      "rmse": 0.017762579023838043
    },
    "reupload_depth_1_reupload_classical": {
      "rel_l2": 0.029003990814089775,
      "mae": 0.011194790713489056,
      "max_abs_error": 0.0323532372713089,
      "rmse": 0.013467114418745041
    },
    "reupload_depth_2_reupload_qpinn": {
      "rel_l2": 0.026670176535844803,
      "mae": 0.010422938503324986,
      "max_abs_error": 0.025133103132247925,
      "rmse": 0.012383480556309223
    },
    "reupload_depth_2_reupload_classical": {
      "rel_l2": 0.037494465708732605,
      "mae": 0.01369344163686037,
      "max_abs_error": 0.045444682240486145,
      "rmse": 0.01740940846502781
    },
    "reupload_depth_3_reupload_qpinn": {
      "rel_l2": 0.021534137427806854,
      "mae": 0.008271241560578346,
      "max_abs_error": 0.03134973347187042,
      "rmse": 0.00999872013926506
    },
    "reupload_depth_3_reupload_classical": {
      "rel_l2": 0.04819803684949875,
      "mae": 0.018730558454990387,
      "max_abs_error": 0.047414615750312805,
      "rmse": 0.022379282861948013
    },
    "reupload_depth_4_reupload_qpinn": {
      "rel_l2": 0.02026030234992504,
      "mae": 0.00717876385897398,
      "max_abs_error": 0.023669570684432983,
      "rmse": 0.00940725114196539
    },
    "reupload_depth_4_reupload_classical": {
      "rel_l2": 0.30153247714042664,
      "mae": 0.10718239843845367,
      "max_abs_error": 0.3073454797267914,
      "rmse": 0.1400073915719986
    }
  },
  "best_metrics": {
    "rel_l2": {
      "experiment": "reupload_depth_4_reupload_qpinn",
      "value": 0.02026030234992504
    },
    "mae": {
      "experiment": "reupload_depth_4_reupload_qpinn",
      "value": 0.00717876385897398
    },
    "max_abs_error": {
      "experiment": "reupload_depth_4_reupload_qpinn",
      "value": 0.023669570684432983
    },
    "rmse": {
      "experiment": "reupload_depth_4_reupload_qpinn",
      "value": 0.00940725114196539
    }
  }
}