{
  "timestamp": "2026-05-10T10:09:51.433016",
  "num_experiments": 18,
  "experiments": {
    "freq0.50_classical": {
      "rel_l2": 0.8728794455528259,
      "mae": 0.11485718935728073,
      "max_abs_error": 0.35351887345314026,
      "rmse": 0.14351612329483032
    },
    "freq0.50_qpinn": {
      "rel_l2": 0.5781868100166321,
      "mae": 0.06620722264051437,
      "max_abs_error": 0.2818804085254669,
      "rmse": 0.09506364166736603
    },
    "freq1.00_classical": {
      "rel_l2": 1.0686509609222412,
      "mae": 0.04106174036860466,
      "max_abs_error": 0.5915710926055908,
      "rmse": 0.09864252805709839
    },
    "freq1.00_qpinn": {
      "rel_l2": 1.4872256517410278,
      "mae": 0.09211507439613342,
      "max_abs_error": 0.5854888558387756,
      "rmse": 0.13727857172489166
    },
    "freq1.50_classical": {
      "rel_l2": 1.5529568195343018,
      "mae": 0.05965728312730789,
      "max_abs_error": 0.7367837429046631,
      "rmse": 0.11337272822856903
    },
    "freq1.50_qpinn": {
      "rel_l2": 2.158778667449951,
      "mae": 0.10104475915431976,
      "max_abs_error": 0.6790038347244263,
      "rmse": 0.15760040283203125
    },
    "freq2.00_classical": {
      "rel_l2": 2.4582300186157227,
      "mae": 0.09186182171106339,
      "max_abs_error": 0.806801974773407,
      "rmse": 0.1638869047164917
    },
    "freq2.00_qpinn": {
      "rel_l2": 2.1505846977233887,
      "mae": 0.09657920151948929,
      "max_abs_error": 0.7286185622215271,
      "rmse": 0.14337660372257233
    },
    "freq2.50_classical": {
      "rel_l2": 3.820744276046753,
      "mae": 0.23720557987689972,
      "max_abs_error": 0.9339693188667297,
      "rmse": 0.24756351113319397
    },
    "freq2.50_qpinn": {
      "rel_l2": 2.963967800140381,
      "mae": 0.1396331489086151,
      "max_abs_error": 0.9005982279777527,
      "rmse": 0.19204896688461304
    },
    "freq3.00_classical": {
      "rel_l2": 1.5525219440460205,
      "mae": 0.04245896264910698,
      "max_abs_error": 1.0927801132202148,
      "rmse": 0.09992393106222153
    },
    "freq3.00_qpinn": {
      "rel_l2": 3.10660457611084,
      "mae": 0.16741102933883667,
      "max_abs_error": 0.7475922107696533,
      "rmse": 0.1999482959508896
    },
    "freq3.50_classical": {
      "rel_l2": 1.380549430847168,
      "mae": 0.05839589983224869,
      "max_abs_error": 1.111051082611084,
      "rmse": 0.08875511586666107
    },
    "freq3.50_qpinn": {
      "rel_l2": 2.7099452018737793,
      "mae": 0.13531279563903809,
      "max_abs_error": 0.8903253078460693,
      "rmse": 0.17422157526016235
    },
    "freq4.00_classical": {
      "rel_l2": 1.2298486232757568,
      "mae": 0.0261172354221344,
      "max_abs_error": 1.1419650316238403,
      "rmse": 0.07905589789152145
    },
    "freq4.00_qpinn": {
      "rel_l2": 2.426922082901001,
      "mae": 0.12859730422496796,
      "max_abs_error": 1.118226408958435,
      "rmse": 0.15600496530532837
    },
    "freq4.50_classical": {
      "rel_l2": 1.5618178844451904,
      "mae": 0.07892511785030365,
      "max_abs_error": 1.1161657571792603,
      "rmse": 0.10039404034614563
    },
    "freq4.50_qpinn": {
      "rel_l2": 2.004077196121216,
      "mae": 0.10225427150726318,
      "max_abs_error": 1.2208566665649414,
      "rmse": 0.12882255017757416
    }
  },
  "best_metrics": {
    "rel_l2": {
      "experiment": "freq0.50_qpinn",
      "value": 0.5781868100166321
    },
    "mae": {
      "experiment": "freq4.00_classical",
      "value": 0.0261172354221344
    },
    "max_abs_error": {
      "experiment": "freq0.50_qpinn",
      "value": 0.2818804085254669
    },
    "rmse": {
      "experiment": "freq4.00_classical",
      "value": 0.07905589789152145
    }
  }
}