{
  "timestamp": "2026-05-10T09:16:34.196425",
  "num_experiments": 18,
  "experiments": {
    "freq0.50_classical": {
      "rel_l2": 0.019801832735538483,
      "mae": 0.011295064352452755,
      "max_abs_error": 0.023104187101125717,
      "rmse": 0.012388825416564941
    },
    "freq0.50_qpinn": {
      "rel_l2": 0.010879994370043278,
      "mae": 0.00574089027941227,
      "max_abs_error": 0.014976143836975098,
      "rmse": 0.006806963123381138
    },
    "freq1.00_classical": {
      "rel_l2": 0.13342396914958954,
      "mae": 0.05531707778573036,
      "max_abs_error": 0.1289830207824707,
      "rmse": 0.062132325023412704
    },
    "freq1.00_qpinn": {
      "rel_l2": 0.022429440170526505,
      "mae": 0.008333377540111542,
      "max_abs_error": 0.04335426539182663,
      "rmse": 0.010444849729537964
    },
    "freq1.50_classical": {
      "rel_l2": 0.3688794672489166,
      "mae": 0.09779856353998184,
      "max_abs_error": 0.4847930073738098,
      "rmse": 0.12318003922700882
    },
    "freq1.50_qpinn": {
      "rel_l2": 0.09912567585706711,
      "mae": 0.025078430771827698,
      "max_abs_error": 0.13634850084781647,
      "rmse": 0.03310107812285423
    },
    "freq2.00_classical": {
      "rel_l2": 0.42850494384765625,
      "mae": 0.07634665817022324,
      "max_abs_error": 0.6023532748222351,
      "rmse": 0.10869266092777252
    },
    "freq2.00_qpinn": {
      "rel_l2": 0.33237743377685547,
      "mae": 0.06941843032836914,
      "max_abs_error": 0.24437980353832245,
      "rmse": 0.08430938422679901
    },
    "freq2.50_classical": {
      "rel_l2": 0.813694417476654,
      "mae": 0.12742851674556732,
      "max_abs_error": 0.7766170501708984,
      "rmse": 0.16667279601097107
    },
    "freq2.50_qpinn": {
      "rel_l2": 0.5150362849235535,
      "mae": 0.08746349066495895,
      "max_abs_error": 0.45105284452438354,
      "rmse": 0.10549729317426682
    },
    "freq3.00_classical": {
      "rel_l2": 0.9015292525291443,
      "mae": 0.08446968346834183,
      "max_abs_error": 1.07023024559021,
      "rmse": 0.15561482310295105
    },
    "freq3.00_qpinn": {
      "rel_l2": 0.6857351660728455,
      "mae": 0.09734434634447098,
      "max_abs_error": 0.4973802864551544,
      "rmse": 0.11836612224578857
    },
    "freq3.50_classical": {
      "rel_l2": 1.058707356452942,
      "mae": 0.09287574142217636,
      "max_abs_error": 1.1084058284759521,
      "rmse": 0.15870171785354614
    },
    "freq3.50_qpinn": {
      "rel_l2": 0.6854946613311768,
      "mae": 0.07328961789608002,
      "max_abs_error": 0.6024078726768494,
      "rmse": 0.102756567299366
    },
    "freq4.00_classical": {
      "rel_l2": 1.0250074863433838,
      "mae": 0.06887122988700867,
      "max_abs_error": 1.1058300733566284,
      "rmse": 0.13646811246871948
    },
    "freq4.00_qpinn": {
      "rel_l2": 1.0861661434173584,
      "mae": 0.1124812662601471,
      "max_abs_error": 0.9500485062599182,
      "rmse": 0.14461058378219604
    },
    "freq4.50_classical": {
      "rel_l2": 1.1411421298980713,
      "mae": 0.09192785620689392,
      "max_abs_error": 1.0767745971679688,
      "rmse": 0.1373291015625
    },
    "freq4.50_qpinn": {
      "rel_l2": 1.0152896642684937,
      "mae": 0.08432252705097198,
      "max_abs_error": 0.9653336405754089,
      "rmse": 0.12218363583087921
    }
  },
  "best_metrics": {
    "rel_l2": {
      "experiment": "freq0.50_qpinn",
      "value": 0.010879994370043278
    },
    "mae": {
      "experiment": "freq0.50_qpinn",
      "value": 0.00574089027941227
    },
    "max_abs_error": {
      "experiment": "freq0.50_qpinn",
      "value": 0.014976143836975098
    },
    "rmse": {
      "experiment": "freq0.50_qpinn",
      "value": 0.006806963123381138
    }
  }
}