{
  "timestamp": "2026-05-10T01:49:22.328920",
  "num_experiments": 28,
  "experiments": {
    "freq0.25_classical": {
      "rel_l2": 0.3252413272857666,
      "mae": 0.1036318689584732,
      "max_abs_error": 1.0008890628814697,
      "rmse": 0.22306859493255615
    },
    "freq0.25_qpinn": {
      "rel_l2": 0.31232786178588867,
      "mae": 0.10062767565250397,
      "max_abs_error": 0.8722900748252869,
      "rmse": 0.21421180665493011
    },
    "freq0.50_classical": {
      "rel_l2": 0.019852399826049805,
      "mae": 0.011270239017903805,
      "max_abs_error": 0.023104187101125717,
      "rmse": 0.012369231320917606
    },
    "freq0.50_qpinn": {
      "rel_l2": 0.010869530960917473,
      "mae": 0.005703446455299854,
      "max_abs_error": 0.014899641275405884,
      "rmse": 0.006772367283701897
    },
    "freq0.75_classical": {
      "rel_l2": 0.32704365253448486,
      "mae": 0.10962396115064621,
      "max_abs_error": 0.45661717653274536,
      "rmse": 0.17986658215522766
    },
    "freq0.75_qpinn": {
      "rel_l2": 0.2853641211986542,
      "mae": 0.08199770003557205,
      "max_abs_error": 0.6862882375717163,
      "rmse": 0.15694376826286316
    },
    "freq1.00_classical": {
      "rel_l2": 0.13376064598560333,
      "mae": 0.0552370585501194,
      "max_abs_error": 0.1289830207824707,
      "rmse": 0.062107667326927185
    },
    "freq1.00_qpinn": {
      "rel_l2": 0.022630862891674042,
      "mae": 0.008361201733350754,
      "max_abs_error": 0.04335426539182663,
      "rmse": 0.010507951490581036
    },
    "freq1.25_classical": {
      "rel_l2": 0.2783658504486084,
      "mae": 0.08072217553853989,
      "max_abs_error": 0.3336099088191986,
      "rmse": 0.11012477427721024
    },
    "freq1.25_qpinn": {
      "rel_l2": 0.23712921142578125,
      "mae": 0.06998799741268158,
      "max_abs_error": 0.29687610268592834,
      "rmse": 0.09381108731031418
    },
    "freq1.50_classical": {
      "rel_l2": 0.37188732624053955,
      "mae": 0.09857784956693649,
      "max_abs_error": 0.4847930073738098,
      "rmse": 0.12433035671710968
    },
    "freq1.50_qpinn": {
      "rel_l2": 0.10066129267215729,
      "mae": 0.02541714534163475,
      "max_abs_error": 0.13634850084781647,
      "rmse": 0.03365334868431091
    },
    "freq1.75_classical": {
      "rel_l2": 0.32745161652565,
      "mae": 0.07300875335931778,
      "max_abs_error": 0.44811227917671204,
      "rmse": 0.09568508714437485
    },
    "freq1.75_qpinn": {
      "rel_l2": 0.36773958802223206,
      "mae": 0.08388102054595947,
      "max_abs_error": 0.39089325070381165,
      "rmse": 0.10745768994092941
    },
    "freq2.00_classical": {
      "rel_l2": 0.4389769434928894,
      "mae": 0.0782201737165451,
      "max_abs_error": 0.6023532748222351,
      "rmse": 0.11226122826337814
    },
    "freq2.00_qpinn": {
      "rel_l2": 0.3299417793750763,
      "mae": 0.0693606361746788,
      "max_abs_error": 0.24385309219360352,
      "rmse": 0.08437725901603699
    },
    "freq2.25_classical": {
      "rel_l2": 0.9517908692359924,
      "mae": 0.17369402945041656,
      "max_abs_error": 1.2261402606964111,
      "rmse": 0.22011569142341614
    },
    "freq2.25_qpinn": {
      "rel_l2": 0.5093736052513123,
      "mae": 0.09871281683444977,
      "max_abs_error": 0.37207138538360596,
      "rmse": 0.11780019104480743
    },
    "freq2.50_classical": {
      "rel_l2": 0.8126054406166077,
      "mae": 0.12904736399650574,
      "max_abs_error": 0.7759642601013184,
      "rmse": 0.169343039393425
    },
    "freq2.50_qpinn": {
      "rel_l2": 0.5135601758956909,
      "mae": 0.08825559169054031,
      "max_abs_error": 0.45175325870513916,
      "rmse": 0.10702347010374069
    },
    "freq2.75_classical": {
      "rel_l2": 0.8394359946250916,
      "mae": 0.09960045665502548,
      "max_abs_error": 1.0258331298828125,
      "rmse": 0.16207529604434967
    },
    "freq2.75_qpinn": {
      "rel_l2": 0.5739403963088989,
      "mae": 0.08704417198896408,
      "max_abs_error": 0.35439103841781616,
      "rmse": 0.11081437021493912
    },
    "freq3.00_classical": {
      "rel_l2": 0.9058046936988831,
      "mae": 0.08685653656721115,
      "max_abs_error": 1.064566969871521,
      "rmse": 0.16080759465694427
    },
    "freq3.00_qpinn": {
      "rel_l2": 0.679641842842102,
      "mae": 0.09854871779680252,
      "max_abs_error": 0.4924236834049225,
      "rmse": 0.12065689265727997
    },
    "freq3.25_classical": {
      "rel_l2": 0.9168439507484436,
      "mae": 0.08924554288387299,
      "max_abs_error": 1.0240912437438965,
      "rmse": 0.15339873731136322
    },
    "freq3.25_qpinn": {
      "rel_l2": 0.47478872537612915,
      "mae": 0.05701630562543869,
      "max_abs_error": 0.48480483889579773,
      "rmse": 0.07943771034479141
    },
    "freq3.50_classical": {
      "rel_l2": 1.0538028478622437,
      "mae": 0.09480060636997223,
      "max_abs_error": 1.1035321950912476,
      "rmse": 0.16450998187065125
    },
    "freq3.50_qpinn": {
      "rel_l2": 0.6781361699104309,
      "mae": 0.07465426623821259,
      "max_abs_error": 0.5943611860275269,
      "rmse": 0.10586437582969666
    }
  },
  "best_metrics": {
    "rel_l2": {
      "experiment": "freq0.50_qpinn",
      "value": 0.010869530960917473
    },
    "mae": {
      "experiment": "freq0.50_qpinn",
      "value": 0.005703446455299854
    },
    "max_abs_error": {
      "experiment": "freq0.50_qpinn",
      "value": 0.014899641275405884
    },
    "rmse": {
      "experiment": "freq0.50_qpinn",
      "value": 0.006772367283701897
    }
  }
}