{
  "timestamp": "2026-05-09T15:31:56.869078",
  "num_experiments": 3,
  "experiments": {
    "feature_2_qpinn": {
      "rel_l2": 0.28752800822257996,
      "mae": 0.10451532900333405,
      "max_abs_error": 0.27808383107185364,
      "rmse": 0.13350479304790497
    },
    "feature_4_qpinn": {
      "rel_l2": 0.038255080580711365,
      "mae": 0.015034934505820274,
      "max_abs_error": 0.03472977876663208,
      "rmse": 0.017762579023838043
    },
    "feature_8_qpinn": {
      "rel_l2": 0.03634532541036606,
      "mae": 0.01383685041218996,
      "max_abs_error": 0.038040995597839355,
      "rmse": 0.016875838860869408
    }
  },
  "best_metrics": {
    "rel_l2": {
      "experiment": "feature_8_qpinn",
      "value": 0.03634532541036606
    },
    "mae": {
      "experiment": "feature_8_qpinn",
      "value": 0.01383685041218996
    },
    "max_abs_error": {
      "experiment": "feature_4_qpinn",
      "value": 0.03472977876663208
    },
    "rmse": {
      "experiment": "feature_8_qpinn",
      "value": 0.016875838860869408
    }
  }
}