{
  "timestamp": "2026-05-10T08:35:35.001958",
  "num_experiments": 18,
  "experiments": {
    "freq0.50_classical": {
      "rel_l2": 0.019852399826049805,
      "mae": 0.011270239017903805,
      "max_abs_error": 0.023104187101125717,
      "rmse": 0.012369231320917606
    },
    "freq0.50_qpinn": {
      "rel_l2": 0.010869530960917473,
      "mae": 0.005703446455299854,
      "max_abs_error": 0.014899641275405884,
      "rmse": 0.006772367283701897
    },
    "freq1.00_classical": {
      "rel_l2": 0.13376064598560333,
      "mae": 0.0552370585501194,
      "max_abs_error": 0.1289830207824707,
      "rmse": 0.062107667326927185
    },
    "freq1.00_qpinn": {
      "rel_l2": 0.022630862891674042,
      "mae": 0.008361201733350754,
      "max_abs_error": 0.04335426539182663,
      "rmse": 0.010507951490581036
    },
    "freq1.50_classical": {
      "rel_l2": 0.37188732624053955,
      "mae": 0.09857784956693649,
      "max_abs_error": 0.4847930073738098,
      "rmse": 0.12433035671710968
    },
    "freq1.50_qpinn": {
      "rel_l2": 0.10066129267215729,
      "mae": 0.02541714534163475,
      "max_abs_error": 0.13634850084781647,
      "rmse": 0.03365334868431091
    },
    "freq2.00_classical": {
      "rel_l2": 0.4389769434928894,
      "mae": 0.0782201737165451,
      "max_abs_error": 0.6023532748222351,
      "rmse": 0.11226122826337814
    },
    "freq2.00_qpinn": {
      "rel_l2": 0.3299417793750763,
      "mae": 0.0693606361746788,
      "max_abs_error": 0.24385309219360352,
      "rmse": 0.08437725901603699
    },
    "freq2.50_classical": {
      "rel_l2": 0.8126054406166077,
      "mae": 0.12904736399650574,
      "max_abs_error": 0.7759642601013184,
      "rmse": 0.169343039393425
    },
    "freq2.50_qpinn": {
      "rel_l2": 0.5135601758956909,
      "mae": 0.08825559169054031,
      "max_abs_error": 0.45175325870513916,
      "rmse": 0.10702347010374069
    },
    "freq3.00_classical": {
      "rel_l2": 0.9058046936988831,
      "mae": 0.08685653656721115,
      "max_abs_error": 1.064566969871521,
      "rmse": 0.16080759465694427
    },
    "freq3.00_qpinn": {
      "rel_l2": 0.679641842842102,
      "mae": 0.09854871779680252,
      "max_abs_error": 0.4924236834049225,
      "rmse": 0.12065689265727997
    },
    "freq3.50_classical": {
      "rel_l2": 1.0538028478622437,
      "mae": 0.09480060636997223,
      "max_abs_error": 1.1035321950912476,
      "rmse": 0.16450998187065125
    },
    "freq3.50_qpinn": {
      "rel_l2": 0.6781361699104309,
      "mae": 0.07465426623821259,
      "max_abs_error": 0.5943611860275269,
      "rmse": 0.10586437582969666
    },
    "freq4.00_classical": {
      "rel_l2": 1.0222010612487793,
      "mae": 0.07110017538070679,
      "max_abs_error": 1.106766939163208,
      "rmse": 0.14372432231903076
    },
    "freq4.00_qpinn": {
      "rel_l2": 1.0572084188461304,
      "mae": 0.11395832151174545,
      "max_abs_error": 0.9528569579124451,
      "rmse": 0.14864647388458252
    },
    "freq4.50_classical": {
      "rel_l2": 1.1230124235153198,
      "mae": 0.09429376572370529,
      "max_abs_error": 1.076703667640686,
      "rmse": 0.14491499960422516
    },
    "freq4.50_qpinn": {
      "rel_l2": 0.996626615524292,
      "mae": 0.08668006211519241,
      "max_abs_error": 0.9687193036079407,
      "rmse": 0.12860599160194397
    }
  },
  "best_metrics": {
    "rel_l2": {
      "experiment": "freq0.50_qpinn",
      "value": 0.010869530960917473
    },
    "mae": {
      "experiment": "freq0.50_qpinn",
      "value": 0.005703446455299854
    },
    "max_abs_error": {
      "experiment": "freq0.50_qpinn",
      "value": 0.014899641275405884
    },
    "rmse": {
      "experiment": "freq0.50_qpinn",
      "value": 0.006772367283701897
    }
  }
}