{
  "timestamp": "2026-05-09T18:33:38.129188",
  "num_experiments": 2,
  "experiments": {
    "baseline_classical": {
      "rel_l2": 0.17092303931713104,
      "mae": 0.06353568285703659,
      "max_abs_error": 0.22920969128608704,
      "rmse": 0.07936286926269531
    },
    "baseline_qpinn": {
      "rel_l2": 0.16719461977481842,
      "mae": 0.06276468187570572,
      "max_abs_error": 0.2338642179965973,
      "rmse": 0.07763171941041946
    }
  },
  "best_metrics": {
    "rel_l2": {
      "experiment": "baseline_qpinn",
      "value": 0.16719461977481842
    },
    "mae": {
      "experiment": "baseline_qpinn",
      "value": 0.06276468187570572
    },
    "max_abs_error": {
      "experiment": "baseline_classical",
      "value": 0.22920969128608704
    },
    "rmse": {
      "experiment": "baseline_qpinn",
      "value": 0.07763171941041946
    }
  }
}