{
  "timestamp": "2026-05-09T18:44:17.192075",
  "num_experiments": 2,
  "experiments": {
    "baseline_classical": {
      "rel_l2": 0.16791510581970215,
      "mae": 0.06357655674219131,
      "max_abs_error": 0.23419082164764404,
      "rmse": 0.07796622812747955
    },
    "baseline_qpinn": {
      "rel_l2": 0.16719461977481842,
      "mae": 0.06276468187570572,
      "max_abs_error": 0.2338642179965973,
      "rmse": 0.07763171941041946
    }
  },
  "best_metrics": {
    "rel_l2": {
      "experiment": "baseline_qpinn",
      "value": 0.16719461977481842
    },
    "mae": {
      "experiment": "baseline_qpinn",
      "value": 0.06276468187570572
    },
    "max_abs_error": {
      "experiment": "baseline_qpinn",
      "value": 0.2338642179965973
    },
    "rmse": {
      "experiment": "baseline_qpinn",
      "value": 0.07763171941041946
    }
  }
}