{
  "timestamp": "2026-05-09T22:51:12.219167",
  "num_experiments": 4,
  "experiments": {
    "freq0.5_classical": {
      "rel_l2": 0.029003988951444626,
      "mae": 0.011194787919521332,
      "max_abs_error": 0.0323532372713089,
      "rmse": 0.013467112556099892
    },
    "freq0.5_qpinn": {
      "rel_l2": 0.03825516626238823,
      "mae": 0.01503496803343296,
      "max_abs_error": 0.034729987382888794,
      "rmse": 0.01776261255145073
    },
    "freq1.0_classical": {
      "rel_l2": 0.45049601793289185,
      "mae": 0.09797566384077072,
      "max_abs_error": 0.2154119908809662,
      "rmse": 0.11520705372095108
    },
    "freq1.0_qpinn": {
      "rel_l2": 0.2229333519935608,
      "mae": 0.0446418896317482,
      "max_abs_error": 0.14944738149642944,
      "rmse": 0.05701158568263054
    }
  },
  "best_metrics": {
    "rel_l2": {
      "experiment": "freq0.5_classical",
      "value": 0.029003988951444626
    },
    "mae": {
      "experiment": "freq0.5_classical",
      "value": 0.011194787919521332
    },
    "max_abs_error": {
      "experiment": "freq0.5_classical",
      "value": 0.0323532372713089
    },
    "rmse": {
      "experiment": "freq0.5_classical",
      "value": 0.013467112556099892
    }
  }
}