{
  "timestamp": "2026-05-10T09:53:18.330610",
  "num_experiments": 6,
  "experiments": {
    "freq0.50_classical": {
      "rel_l2": 0.008120562881231308,
      "mae": 0.0036647075321525335,
      "max_abs_error": 0.0143355131149292,
      "rmse": 0.005080550443381071
    },
    "freq0.50_qpinn": {
      "rel_l2": 0.015980223193764687,
      "mae": 0.00823430810123682,
      "max_abs_error": 0.02052915096282959,
      "rmse": 0.009997868910431862
    },
    "freq1.50_classical": {
      "rel_l2": 0.265401691198349,
      "mae": 0.06283020228147507,
      "max_abs_error": 0.5786527991294861,
      "rmse": 0.08862567692995071
    },
    "freq1.50_qpinn": {
      "rel_l2": 0.0577387735247612,
      "mae": 0.015345585532486439,
      "max_abs_error": 0.09199092537164688,
      "rmse": 0.019280729815363884
    },
    "freq3.00_classical": {
      "rel_l2": 0.9210373759269714,
      "mae": 0.11301673203706741,
      "max_abs_error": 1.0835726261138916,
      "rmse": 0.15898215770721436
    },
    "freq3.00_qpinn": {
      "rel_l2": 0.5698229074478149,
      "mae": 0.08333659917116165,
      "max_abs_error": 0.36366966366767883,
      "rmse": 0.09835831820964813
    }
  },
  "best_metrics": {
    "rel_l2": {
      "experiment": "freq0.50_classical",
      "value": 0.008120562881231308
    },
    "mae": {
      "experiment": "freq0.50_classical",
      "value": 0.0036647075321525335
    },
    "max_abs_error": {
      "experiment": "freq0.50_classical",
      "value": 0.0143355131149292
    },
    "rmse": {
      "experiment": "freq0.50_classical",
      "value": 0.005080550443381071
    }
  }
}