{
  "timestamp": "2026-05-10T01:30:45.037239",
  "num_experiments": 28,
  "experiments": {
    "freq0.25_classical": {
      "rel_l2": 0.3582928776741028,
      "mae": 0.12332379817962646,
      "max_abs_error": 1.0,
      "rmse": 0.24573718011379242
    },
    "freq0.25_qpinn": {
      "rel_l2": 0.3583493232727051,
      "mae": 0.11935602873563766,
      "max_abs_error": 1.0,
      "rmse": 0.24577589333057404
    },
    "freq0.50_classical": {
      "rel_l2": 0.011243103072047234,
      "mae": 0.005561118479818106,
      "max_abs_error": 0.017472565174102783,
      "rmse": 0.007005124352872372
    },
    "freq0.50_qpinn": {
      "rel_l2": 0.024514682590961456,
      "mae": 0.011928865686058998,
      "max_abs_error": 0.038412898778915405,
      "rmse": 0.015274113044142723
    },
    "freq0.75_classical": {
      "rel_l2": 0.3722746670246124,
      "mae": 0.12950317561626434,
      "max_abs_error": 1.0,
      "rmse": 0.20474262535572052
    },
    "freq0.75_qpinn": {
      "rel_l2": 0.3757380545139313,
      "mae": 0.1136406660079956,
      "max_abs_error": 1.0,
      "rmse": 0.20664739608764648
    },
    "freq1.00_classical": {
      "rel_l2": 0.20721641182899475,
      "mae": 0.07250479608774185,
      "max_abs_error": 0.22989553213119507,
      "rmse": 0.09621460735797882
    },
    "freq1.00_qpinn": {
      "rel_l2": 0.06278117001056671,
      "mae": 0.024001726880669594,
      "max_abs_error": 0.0654224157333374,
      "rmse": 0.029150525107979774
    },
    "freq1.25_classical": {
      "rel_l2": 0.6762372255325317,
      "mae": 0.19665676355361938,
      "max_abs_error": 1.0,
      "rmse": 0.26752734184265137
    },
    "freq1.25_qpinn": {
      "rel_l2": 0.4242367148399353,
      "mae": 0.10217096656560898,
      "max_abs_error": 1.0,
      "rmse": 0.16783295571804047
    },
    "freq1.50_classical": {
      "rel_l2": 0.3943283259868622,
      "mae": 0.1088937371969223,
      "max_abs_error": 0.2625970244407654,
      "rmse": 0.13183289766311646
    },
    "freq1.50_qpinn": {
      "rel_l2": 0.25759193301200867,
      "mae": 0.06720515340566635,
      "max_abs_error": 0.28755247592926025,
      "rmse": 0.08611882477998734
    },
    "freq1.75_classical": {
      "rel_l2": 0.6542866230010986,
      "mae": 0.1320735216140747,
      "max_abs_error": 1.0325562953948975,
      "rmse": 0.1911899596452713
    },
    "freq1.75_qpinn": {
      "rel_l2": 0.5498238205909729,
      "mae": 0.12252863496541977,
      "max_abs_error": 1.0,
      "rmse": 0.16066476702690125
    },
    "freq2.00_classical": {
      "rel_l2": 0.8437942862510681,
      "mae": 0.15338416397571564,
      "max_abs_error": 1.1206084489822388,
      "rmse": 0.21578672528266907
    },
    "freq2.00_qpinn": {
      "rel_l2": 0.30196961760520935,
      "mae": 0.05575897917151451,
      "max_abs_error": 0.3581753969192505,
      "rmse": 0.07722383737564087
    },
    "freq2.25_classical": {
      "rel_l2": 0.9493246674537659,
      "mae": 0.1573677361011505,
      "max_abs_error": 1.0027453899383545,
      "rmse": 0.21954533457756042
    },
    "freq2.25_qpinn": {
      "rel_l2": 0.8438133597373962,
      "mae": 0.15561677515506744,
      "max_abs_error": 1.0,
      "rmse": 0.19514429569244385
    },
    "freq2.50_classical": {
      "rel_l2": 1.0030550956726074,
      "mae": 0.10914631187915802,
      "max_abs_error": 1.012347936630249,
      "rmse": 0.2090318500995636
    },
    "freq2.50_qpinn": {
      "rel_l2": 0.44964340329170227,
      "mae": 0.07061883807182312,
      "max_abs_error": 0.4196227192878723,
      "rmse": 0.0937035083770752
    },
    "freq2.75_classical": {
      "rel_l2": 0.9998000264167786,
      "mae": 0.09161309897899628,
      "max_abs_error": 1.0111744403839111,
      "rmse": 0.19303786754608154
    },
    "freq2.75_qpinn": {
      "rel_l2": 0.5918521285057068,
      "mae": 0.07729659229516983,
      "max_abs_error": 1.0,
      "rmse": 0.11427270621061325
    },
    "freq3.00_classical": {
      "rel_l2": 1.0000619888305664,
      "mae": 0.07514048367738724,
      "max_abs_error": 1.0004955530166626,
      "rmse": 0.17754113674163818
    },
    "freq3.00_qpinn": {
      "rel_l2": 1.0017069578170776,
      "mae": 0.07891049981117249,
      "max_abs_error": 1.0070056915283203,
      "rmse": 0.17783315479755402
    },
    "freq3.25_classical": {
      "rel_l2": 1.0044761896133423,
      "mae": 0.07480158656835556,
      "max_abs_error": 1.0209323167800903,
      "rmse": 0.1680605709552765
    },
    "freq3.25_qpinn": {
      "rel_l2": 1.0006382465362549,
      "mae": 0.0685477927327156,
      "max_abs_error": 1.009551763534546,
      "rmse": 0.16741852462291718
    },
    "freq3.50_classical": {
      "rel_l2": 1.000641942024231,
      "mae": 0.059244874864816666,
      "max_abs_error": 1.0054360628128052,
      "rmse": 0.1562110036611557
    },
    "freq3.50_qpinn": {
      "rel_l2": 1.0003750324249268,
      "mae": 0.05847639590501785,
      "max_abs_error": 1.0044771432876587,
      "rmse": 0.1561693549156189
    }
  },
  "best_metrics": {
    "rel_l2": {
      "experiment": "freq0.50_classical",
      "value": 0.011243103072047234
    },
    "mae": {
      "experiment": "freq0.50_classical",
      "value": 0.005561118479818106
    },
    "max_abs_error": {
      "experiment": "freq0.50_classical",
      "value": 0.017472565174102783
    },
    "rmse": {
      "experiment": "freq0.50_classical",
      "value": 0.007005124352872372
    }
  }
}