{
  "classical": [
    {
      "frequency": 0.5,
      "final_loss": 0.002391341608017683,
      "experiment": "freq0.50_classical"
    }
  ],
  "qpinn": [
    {
      "frequency": 0.5,
      "final_loss": 0.0018928832141682506,
      "experiment": "freq0.50_qpinn"
    }
  ]
}