{
  "timestamp": "2026-05-10T10:42:39.528579",
  "num_experiments": 4,
  "experiments": {
    "freq0.50_classical": {
      "rel_l2": 0.019801832735538483,
      "mae": 0.011295064352452755,
      "max_abs_error": 0.023104187101125717,
      "rmse": 0.012388825416564941
    },
    "freq0.50_qpinn": {
      "rel_l2": 0.010879994370043278,
      "mae": 0.00574089027941227,
      "max_abs_error": 0.014976143836975098,
      "rmse": 0.006806963123381138
    },
    "freq0.50_qpinn_builder": {
      "rel_l2": 0.015980223193764687,
      "mae": 0.00823430810123682,
      "max_abs_error": 0.02052915096282959,
      "rmse": 0.009997868910431862
    },
    "freq0.50_fd_solver": {
      "rel_l2": 0.12910205125808716,
      "mae": 0.06326925754547119,
      "max_abs_error": 0.1917349100112915,
      "rmse": 0.08077140152454376
    }
  },
  "best_metrics": {
    "rel_l2": {
      "experiment": "freq0.50_qpinn",
      "value": 0.010879994370043278
    },
    "mae": {
      "experiment": "freq0.50_qpinn",
      "value": 0.00574089027941227
    },
    "max_abs_error": {
      "experiment": "freq0.50_qpinn",
      "value": 0.014976143836975098
    },
    "rmse": {
      "experiment": "freq0.50_qpinn",
      "value": 0.006806963123381138
    }
  }
}