{
  "timestamp": "2026-05-10T11:01:35.736576",
  "num_experiments": 2,
  "experiments": {
    "freq4.50_classical": {
      "rel_l2": 1.1411421298980713,
      "mae": 0.09192785620689392,
      "max_abs_error": 1.0767745971679688,
      "rmse": 0.1373291015625
    },
    "freq4.50_qpinn": {
      "rel_l2": 1.0152896642684937,
      "mae": 0.08432252705097198,
      "max_abs_error": 0.9653336405754089,
      "rmse": 0.12218363583087921
    }
  },
  "best_metrics": {
    "rel_l2": {
      "experiment": "freq4.50_qpinn",
      "value": 1.0152896642684937
    },
    "mae": {
      "experiment": "freq4.50_qpinn",
      "value": 0.08432252705097198
    },
    "max_abs_error": {
      "experiment": "freq4.50_qpinn",
      "value": 0.9653336405754089
    },
    "rmse": {
      "experiment": "freq4.50_qpinn",
      "value": 0.12218363583087921
    }
  }
}