{
  "timestamp": "2026-05-09T23:12:15.294013",
  "num_experiments": 16,
  "experiments": {
    "freq0.5_classical": {
      "rel_l2": 0.029003988951444626,
      "mae": 0.011194787919521332,
      "max_abs_error": 0.0323532372713089,
      "rmse": 0.013467112556099892
    },
    "freq0.5_qpinn": {
      "rel_l2": 0.03825516626238823,
      "mae": 0.01503496803343296,
      "max_abs_error": 0.034729987382888794,
      "rmse": 0.01776261255145073
    },
    "freq0.75_classical": {
      "rel_l2": 0.45430442690849304,
      "mae": 0.11662869155406952,
      "max_abs_error": 1.0,
      "rmse": 0.1531660258769989
    },
    "freq0.75_qpinn": {
      "rel_l2": 0.46452319622039795,
      "mae": 0.09784094989299774,
      "max_abs_error": 1.0,
      "rmse": 0.15661120414733887
    },
    "freq1.0_classical": {
      "rel_l2": 0.45049601793289185,
      "mae": 0.09797566384077072,
      "max_abs_error": 0.2154119908809662,
      "rmse": 0.11520705372095108
    },
    "freq1.0_qpinn": {
      "rel_l2": 0.2229333519935608,
      "mae": 0.0446418896317482,
      "max_abs_error": 0.14944738149642944,
      "rmse": 0.05701158568263054
    },
    "freq1.25_classical": {
      "rel_l2": 1.0873717069625854,
      "mae": 0.1803949475288391,
      "max_abs_error": 1.049087643623352,
      "rmse": 0.22851526737213135
    },
    "freq1.25_qpinn": {
      "rel_l2": 0.5995100736618042,
      "mae": 0.09003422409296036,
      "max_abs_error": 1.0,
      "rmse": 0.12598930299282074
    },
    "freq1.5_classical": {
      "rel_l2": 0.7622002959251404,
      "mae": 0.09225489944219589,
      "max_abs_error": 0.5042070150375366,
      "rmse": 0.13531352579593658
    },
    "freq1.5_qpinn": {
      "rel_l2": 0.8625974059104919,
      "mae": 0.11703747510910034,
      "max_abs_error": 0.40858194231987,
      "rmse": 0.15313705801963806
    },
    "freq1.75_classical": {
      "rel_l2": 1.4148582220077515,
      "mae": 0.18690747022628784,
      "max_abs_error": 1.0262569189071655,
      "rmse": 0.22273856401443481
    },
    "freq1.75_qpinn": {
      "rel_l2": 0.7885289788246155,
      "mae": 0.0817766934633255,
      "max_abs_error": 1.0,
      "rmse": 0.12413669377565384
    },
    "freq2.0_classical": {
      "rel_l2": 1.2289022207260132,
      "mae": 0.1430714726448059,
      "max_abs_error": 1.1175118684768677,
      "rmse": 0.17278710007667542
    },
    "freq2.0_qpinn": {
      "rel_l2": 0.9405225515365601,
      "mae": 0.09253525733947754,
      "max_abs_error": 0.5360784530639648,
      "rmse": 0.13224008679389954
    },
    "freq2.25_classical": {
      "rel_l2": 1.7029223442077637,
      "mae": 0.17450176179409027,
      "max_abs_error": 1.008426308631897,
      "rmse": 0.22160176932811737
    },
    "freq2.25_qpinn": {
      "rel_l2": 1.0318089723587036,
      "mae": 0.09307431429624557,
      "max_abs_error": 1.0,
      "rmse": 0.134269580245018
    }
  },
  "best_metrics": {
    "rel_l2": {
      "experiment": "freq0.5_classical",
      "value": 0.029003988951444626
    },
    "mae": {
      "experiment": "freq0.5_classical",
      "value": 0.011194787919521332
    },
    "max_abs_error": {
      "experiment": "freq0.5_classical",
      "value": 0.0323532372713089
    },
    "rmse": {
      "experiment": "freq0.5_classical",
      "value": 0.013467112556099892
    }
  }
}