{
  "timestamp": "2026-05-10T00:11:56.701636",
  "num_experiments": 2,
  "experiments": {
    "reupload_depth_1_reupload_qpinn": {
      "rel_l2": 0.038255080580711365,
      "mae": 0.015034934505820274,
      "max_abs_error": 0.03472977876663208,
      "rmse": 0.017762579023838043
    },
    "reupload_depth_2_reupload_qpinn": {
      "rel_l2": 0.026670176535844803,
      "mae": 0.010422938503324986,
      "max_abs_error": 0.025133103132247925,
      "rmse": 0.012383480556309223
    }
  },
  "best_metrics": {
    "rel_l2": {
      "experiment": "reupload_depth_2_reupload_qpinn",
      "value": 0.026670176535844803
    },
    "mae": {
      "experiment": "reupload_depth_2_reupload_qpinn",
      "value": 0.010422938503324986
    },
    "max_abs_error": {
      "experiment": "reupload_depth_2_reupload_qpinn",
      "value": 0.025133103132247925
    },
    "rmse": {
      "experiment": "reupload_depth_2_reupload_qpinn",
      "value": 0.012383480556309223
    }
  }
}