{
  "timestamp": "2026-05-09T18:45:00.893702",
  "num_experiments": 2,
  "experiments": {
    "baseline_classical": {
      "rel_l2": 0.029003990814089775,
      "mae": 0.011194790713489056,
      "max_abs_error": 0.0323532372713089,
      "rmse": 0.013467114418745041
    },
    "baseline_qpinn": {
      "rel_l2": 0.038255080580711365,
      "mae": 0.015034934505820274,
      "max_abs_error": 0.03472977876663208,
      "rmse": 0.017762579023838043
    }
  },
  "best_metrics": {
    "rel_l2": {
      "experiment": "baseline_classical",
      "value": 0.029003990814089775
    },
    "mae": {
      "experiment": "baseline_classical",
      "value": 0.011194790713489056
    },
    "max_abs_error": {
      "experiment": "baseline_classical",
      "value": 0.0323532372713089
    },
    "rmse": {
      "experiment": "baseline_classical",
      "value": 0.013467114418745041
    }
  }
}