{
  "timestamp": "2026-05-10T11:05:47.093837",
  "num_experiments": 6,
  "experiments": {
    "freq0.50_classical": {
      "rel_l2": 0.019801832735538483,
      "mae": 0.011295064352452755,
      "max_abs_error": 0.023104187101125717,
      "rmse": 0.012388825416564941
    },
    "freq0.50_qpinn": {
      "rel_l2": 0.010879994370043278,
      "mae": 0.00574089027941227,
      "max_abs_error": 0.014976143836975098,
      "rmse": 0.006806963123381138
    },
    "freq1.50_classical": {
      "rel_l2": 0.3688794672489166,
      "mae": 0.09779856353998184,
      "max_abs_error": 0.4847930073738098,
      "rmse": 0.12318003922700882
    },
    "freq1.50_qpinn": {
      "rel_l2": 0.09912567585706711,
      "mae": 0.025078430771827698,
      "max_abs_error": 0.13634850084781647,
      "rmse": 0.03310107812285423
    },
    "freq3.00_classical": {
      "rel_l2": 0.9015292525291443,
      "mae": 0.08446968346834183,
      "max_abs_error": 1.07023024559021,
      "rmse": 0.15561482310295105
    },
    "freq3.00_qpinn": {
      "rel_l2": 0.6857351660728455,
      "mae": 0.09734434634447098,
      "max_abs_error": 0.4973802864551544,
      "rmse": 0.11836612224578857
    }
  },
  "best_metrics": {
    "rel_l2": {
      "experiment": "freq0.50_qpinn",
      "value": 0.010879994370043278
    },
    "mae": {
      "experiment": "freq0.50_qpinn",
      "value": 0.00574089027941227
    },
    "max_abs_error": {
      "experiment": "freq0.50_qpinn",
      "value": 0.014976143836975098
    },
    "rmse": {
      "experiment": "freq0.50_qpinn",
      "value": 0.006806963123381138
    }
  }
}