{
  "timestamp": "2026-05-10T01:38:36.855608",
  "num_experiments": 28,
  "experiments": {
    "freq0.25_classical": {
      "rel_l2": 0.39086589217185974,
      "mae": 0.13375291228294373,
      "max_abs_error": 1.0,
      "rmse": 0.2680775821208954
    },
    "freq0.25_qpinn": {
      "rel_l2": 0.40471792221069336,
      "mae": 0.1517120748758316,
      "max_abs_error": 1.0,
      "rmse": 0.27757808566093445
    },
    "freq0.50_classical": {
      "rel_l2": 0.005650098901242018,
      "mae": 0.002819012850522995,
      "max_abs_error": 0.01045997440814972,
      "rmse": 0.0035203490406274796
    },
    "freq0.50_qpinn": {
      "rel_l2": 0.01931777596473694,
      "mae": 0.00927718449383974,
      "max_abs_error": 0.031583696603775024,
      "rmse": 0.01203613169491291
    },
    "freq0.75_classical": {
      "rel_l2": 0.3886900246143341,
      "mae": 0.13461145758628845,
      "max_abs_error": 1.0,
      "rmse": 0.21377070248126984
    },
    "freq0.75_qpinn": {
      "rel_l2": 0.3787212669849396,
      "mae": 0.1134108304977417,
      "max_abs_error": 1.0,
      "rmse": 0.20828810334205627
    },
    "freq1.00_classical": {
      "rel_l2": 0.09589790552854538,
      "mae": 0.031119074672460556,
      "max_abs_error": 0.1500854194164276,
      "rmse": 0.04452725872397423
    },
    "freq1.00_qpinn": {
      "rel_l2": 0.038734786212444305,
      "mae": 0.014885795302689075,
      "max_abs_error": 0.03983277082443237,
      "rmse": 0.01798531599342823
    },
    "freq1.25_classical": {
      "rel_l2": 0.6722142100334167,
      "mae": 0.1972704380750656,
      "max_abs_error": 1.0,
      "rmse": 0.2659357488155365
    },
    "freq1.25_qpinn": {
      "rel_l2": 0.4054931104183197,
      "mae": 0.09748389571905136,
      "max_abs_error": 1.0,
      "rmse": 0.16041779518127441
    },
    "freq1.50_classical": {
      "rel_l2": 0.278795450925827,
      "mae": 0.08161669969558716,
      "max_abs_error": 0.18201494216918945,
      "rmse": 0.09320763498544693
    },
    "freq1.50_qpinn": {
      "rel_l2": 0.1978720724582672,
      "mae": 0.054621659219264984,
      "max_abs_error": 0.14271962642669678,
      "rmse": 0.06615311652421951
    },
    "freq1.75_classical": {
      "rel_l2": 0.6661630868911743,
      "mae": 0.13534027338027954,
      "max_abs_error": 1.0282491445541382,
      "rmse": 0.19466039538383484
    },
    "freq1.75_qpinn": {
      "rel_l2": 0.4359343647956848,
      "mae": 0.08041808009147644,
      "max_abs_error": 1.0,
      "rmse": 0.1273849755525589
    },
    "freq2.00_classical": {
      "rel_l2": 0.7623642086982727,
      "mae": 0.12191755324602127,
      "max_abs_error": 1.0724232196807861,
      "rmse": 0.1949623078107834
    },
    "freq2.00_qpinn": {
      "rel_l2": 0.27062153816223145,
      "mae": 0.059251975268125534,
      "max_abs_error": 0.2944428324699402,
      "rmse": 0.06920705735683441
    },
    "freq2.25_classical": {
      "rel_l2": 1.102515459060669,
      "mae": 0.18316517770290375,
      "max_abs_error": 1.0256717205047607,
      "rmse": 0.25497302412986755
    },
    "freq2.25_qpinn": {
      "rel_l2": 0.7435249090194702,
      "mae": 0.14371022582054138,
      "max_abs_error": 1.0,
      "rmse": 0.17195114493370056
    },
    "freq2.50_classical": {
      "rel_l2": 1.005377173423767,
      "mae": 0.1116194799542427,
      "max_abs_error": 1.0234837532043457,
      "rmse": 0.2095157355070114
    },
    "freq2.50_qpinn": {
      "rel_l2": 0.396973580121994,
      "mae": 0.062214601784944534,
      "max_abs_error": 0.21001338958740234,
      "rmse": 0.08272736519575119
    },
    "freq2.75_classical": {
      "rel_l2": 0.9565973877906799,
      "mae": 0.11582618951797485,
      "max_abs_error": 1.096084475517273,
      "rmse": 0.18469639122486115
    },
    "freq2.75_qpinn": {
      "rel_l2": 0.6501535773277283,
      "mae": 0.0941895991563797,
      "max_abs_error": 1.0,
      "rmse": 0.12552931904792786
    },
    "freq3.00_classical": {
      "rel_l2": 1.0011332035064697,
      "mae": 0.07753799110651016,
      "max_abs_error": 1.0150120258331299,
      "rmse": 0.17773129045963287
    },
    "freq3.00_qpinn": {
      "rel_l2": 1.0002909898757935,
      "mae": 0.0761004239320755,
      "max_abs_error": 1.0014333724975586,
      "rmse": 0.177581787109375
    },
    "freq3.25_classical": {
      "rel_l2": 1.002862572669983,
      "mae": 0.07262463867664337,
      "max_abs_error": 1.047531008720398,
      "rmse": 0.16779066622257233
    },
    "freq3.25_qpinn": {
      "rel_l2": 0.9362062215805054,
      "mae": 0.07928595691919327,
      "max_abs_error": 1.054042100906372,
      "rmse": 0.1566382795572281
    },
    "freq3.50_classical": {
      "rel_l2": 1.0006877183914185,
      "mae": 0.05918760597705841,
      "max_abs_error": 0.996900737285614,
      "rmse": 0.15621815621852875
    },
    "freq3.50_qpinn": {
      "rel_l2": 1.000709056854248,
      "mae": 0.05917031317949295,
      "max_abs_error": 1.0113531351089478,
      "rmse": 0.15622150897979736
    }
  },
  "best_metrics": {
    "rel_l2": {
      "experiment": "freq0.50_classical",
      "value": 0.005650098901242018
    },
    "mae": {
      "experiment": "freq0.50_classical",
      "value": 0.002819012850522995
    },
    "max_abs_error": {
      "experiment": "freq0.50_classical",
      "value": 0.01045997440814972
    },
    "rmse": {
      "experiment": "freq0.50_classical",
      "value": 0.0035203490406274796
    }
  }
}