{
  "timestamp": "2026-05-09T23:39:46.227827",
  "num_experiments": 46,
  "experiments": {
    "freq0.5_classical": {
      "rel_l2": 0.014890994876623154,
      "mae": 0.008489248342812061,
      "max_abs_error": 0.019821196794509888,
      "rmse": 0.009946994483470917
    },
    "freq0.5_qpinn": {
      "rel_l2": 0.016035478562116623,
      "mae": 0.00819872785359621,
      "max_abs_error": 0.028203129768371582,
      "rmse": 0.010711495764553547
    },
    "freq0.6_classical": {
      "rel_l2": 0.2460961490869522,
      "mae": 0.0846504345536232,
      "max_abs_error": 0.5877853631973267,
      "rmse": 0.1510247141122818
    },
    "freq0.6_qpinn": {
      "rel_l2": 0.2341519594192505,
      "mae": 0.07853660732507706,
      "max_abs_error": 0.5877853631973267,
      "rmse": 0.14369478821754456
    },
    "freq0.7_classical": {
      "rel_l2": 0.34529393911361694,
      "mae": 0.1104016974568367,
      "max_abs_error": 0.9510564804077148,
      "rmse": 0.21476627886295319
    },
    "freq0.7_qpinn": {
      "rel_l2": 0.3253478705883026,
      "mae": 0.09252607822418213,
      "max_abs_error": 0.9510564804077148,
      "rmse": 0.20236018300056458
    },
    "freq0.8_classical": {
      "rel_l2": 0.3098234534263611,
      "mae": 0.10551677644252777,
      "max_abs_error": 0.9510564804077148,
      "rmse": 0.1994808167219162
    },
    "freq0.8_qpinn": {
      "rel_l2": 0.3398457169532776,
      "mae": 0.1259893923997879,
      "max_abs_error": 0.9510564804077148,
      "rmse": 0.21881075203418732
    },
    "freq0.9_classical": {
      "rel_l2": 0.2075689733028412,
      "mae": 0.07510383427143097,
      "max_abs_error": 0.5877853035926819,
      "rmse": 0.13062424957752228
    },
    "freq0.9_qpinn": {
      "rel_l2": 0.23979288339614868,
      "mae": 0.08902908116579056,
      "max_abs_error": 0.5877853035926819,
      "rmse": 0.15090294182300568
    },
    "freq1.0_classical": {
      "rel_l2": 0.10367204993963242,
      "mae": 0.04701231047511101,
      "max_abs_error": 0.15734225511550903,
      "rmse": 0.06047439202666283
    },
    "freq1.0_qpinn": {
      "rel_l2": 0.03655451536178589,
      "mae": 0.01692410185933113,
      "max_abs_error": 0.0642547607421875,
      "rmse": 0.021323125809431076
    },
    "freq1.1_classical": {
      "rel_l2": 0.31004008650779724,
      "mae": 0.11382554471492767,
      "max_abs_error": 0.5877852439880371,
      "rmse": 0.16902528703212738
    },
    "freq1.1_qpinn": {
      "rel_l2": 0.4987310469150543,
      "mae": 0.23429976403713226,
      "max_abs_error": 0.5877852439880371,
      "rmse": 0.2718943953514099
    },
    "freq1.2_classical": {
      "rel_l2": 0.48761069774627686,
      "mae": 0.16186438500881195,
      "max_abs_error": 0.9510565996170044,
      "rmse": 0.26138100028038025
    },
    "freq1.2_qpinn": {
      "rel_l2": 0.33808115124702454,
      "mae": 0.10275516659021378,
      "max_abs_error": 0.9510565996170044,
      "rmse": 0.18122650682926178
    },
    "freq1.3_classical": {
      "rel_l2": 0.5479674935340881,
      "mae": 0.19388076663017273,
      "max_abs_error": 0.9510563611984253,
      "rmse": 0.29304781556129456
    },
    "freq1.3_qpinn": {
      "rel_l2": 0.3437056839466095,
      "mae": 0.09874090552330017,
      "max_abs_error": 0.9510563611984253,
      "rmse": 0.1838105469942093
    },
    "freq1.4_classical": {
      "rel_l2": 0.29168325662612915,
      "mae": 0.1134645864367485,
      "max_abs_error": 0.5877854228019714,
      "rmse": 0.1503954976797104
    },
    "freq1.4_qpinn": {
      "rel_l2": 0.2724918723106384,
      "mae": 0.09746377170085907,
      "max_abs_error": 0.5877854228019714,
      "rmse": 0.14050018787384033
    },
    "freq1.5_classical": {
      "rel_l2": 0.1645272672176361,
      "mae": 0.058968719094991684,
      "max_abs_error": 0.24854660034179688,
      "rmse": 0.07905847579240799
    },
    "freq1.5_qpinn": {
      "rel_l2": 0.5724866390228271,
      "mae": 0.24128761887550354,
      "max_abs_error": 0.4888627529144287,
      "rmse": 0.2750907242298126
    },
    "freq1.6_classical": {
      "rel_l2": 0.3203987181186676,
      "mae": 0.09413528442382812,
      "max_abs_error": 0.5877854824066162,
      "rmse": 0.14452259242534637
    },
    "freq1.6_qpinn": {
      "rel_l2": 0.2586287558078766,
      "mae": 0.08874540776014328,
      "max_abs_error": 0.5877854824066162,
      "rmse": 0.11665993928909302
    },
    "freq1.7_classical": {
      "rel_l2": 0.5350919365882874,
      "mae": 0.17552973330020905,
      "max_abs_error": 0.9510564208030701,
      "rmse": 0.23475244641304016
    },
    "freq1.7_qpinn": {
      "rel_l2": 0.410415917634964,
      "mae": 0.11651724576950073,
      "max_abs_error": 0.9510564208030701,
      "rmse": 0.18005530536174774
    },
    "freq1.8_classical": {
      "rel_l2": 0.6934179067611694,
      "mae": 0.22655612230300903,
      "max_abs_error": 1.077105164527893,
      "rmse": 0.2991558313369751
    },
    "freq1.8_qpinn": {
      "rel_l2": 0.6046954989433289,
      "mae": 0.2047683149576187,
      "max_abs_error": 0.9510565996170044,
      "rmse": 0.2608790099620819
    },
    "freq1.9_classical": {
      "rel_l2": 0.8459831476211548,
      "mae": 0.2862960696220398,
      "max_abs_error": 1.107761263847351,
      "rmse": 0.35043272376060486
    },
    "freq1.9_qpinn": {
      "rel_l2": 0.40123748779296875,
      "mae": 0.13107575476169586,
      "max_abs_error": 0.5877851843833923,
      "rmse": 0.16620516777038574
    },
    "freq2.0_classical": {
      "rel_l2": 0.820911705493927,
      "mae": 0.24873574078083038,
      "max_abs_error": 1.1180503368377686,
      "rmse": 0.31887078285217285
    },
    "freq2.0_qpinn": {
      "rel_l2": 0.6022663116455078,
      "mae": 0.20109541714191437,
      "max_abs_error": 0.4837113320827484,
      "rmse": 0.23394127190113068
    },
    "freq2.1_classical": {
      "rel_l2": 0.9531849026679993,
      "mae": 0.2758071720600128,
      "max_abs_error": 1.0730091333389282,
      "rmse": 0.3498789668083191
    },
    "freq2.1_qpinn": {
      "rel_l2": 0.5563621520996094,
      "mae": 0.1729830801486969,
      "max_abs_error": 0.5877849459648132,
      "rmse": 0.2042199820280075
    },
    "freq2.2_classical": {
      "rel_l2": 0.9037945866584778,
      "mae": 0.25455939769744873,
      "max_abs_error": 1.004858374595642,
      "rmse": 0.3224211037158966
    },
    "freq2.2_qpinn": {
      "rel_l2": 0.6706135869026184,
      "mae": 0.20062196254730225,
      "max_abs_error": 0.9510564804077148,
      "rmse": 0.2392358034849167
    },
    "freq2.3_classical": {
      "rel_l2": 0.8168624043464661,
      "mae": 0.2078062742948532,
      "max_abs_error": 1.0636554956436157,
      "rmse": 0.28572624921798706
    },
    "freq2.3_qpinn": {
      "rel_l2": 0.675480306148529,
      "mae": 0.1921602487564087,
      "max_abs_error": 0.9510564804077148,
      "rmse": 0.23627296090126038
    },
    "freq2.4_classical": {
      "rel_l2": 0.8272995948791504,
      "mae": 0.20714204013347626,
      "max_abs_error": 1.0909677743911743,
      "rmse": 0.27857694029808044
    },
    "freq2.4_qpinn": {
      "rel_l2": 0.6361432075500488,
      "mae": 0.1725020557641983,
      "max_abs_error": 0.7366907000541687,
      "rmse": 0.21420878171920776
    },
    "freq2.5_classical": {
      "rel_l2": 1.0014816522598267,
      "mae": 0.23414553701877594,
      "max_abs_error": 1.0123419761657715,
      "rmse": 0.3189852833747864
    },
    "freq2.5_qpinn": {
      "rel_l2": 0.5517539381980896,
      "mae": 0.14279116690158844,
      "max_abs_error": 0.4112418293952942,
      "rmse": 0.1757410168647766
    },
    "freq2.6_classical": {
      "rel_l2": 1.0004072189331055,
      "mae": 0.2179195135831833,
      "max_abs_error": 1.002437949180603,
      "rmse": 0.3037693202495575
    },
    "freq2.6_qpinn": {
      "rel_l2": 0.5618844628334045,
      "mae": 0.13706190884113312,
      "max_abs_error": 0.5877860188484192,
      "rmse": 0.17061379551887512
    },