{
  "timestamp": "2026-05-10T00:12:44.851415",
  "num_experiments": 12,
  "experiments": {
    "freq0.5_classical": {
      "rel_l2": 0.010767221450805664,
      "mae": 0.004970582202076912,
      "max_abs_error": 0.018799692392349243,
      "rmse": 0.006417638622224331
    },
    "freq0.5_qpinn": {
      "rel_l2": 0.028082698583602905,
      "mae": 0.013495967723429203,
      "max_abs_error": 0.03940629959106445,
      "rmse": 0.01673826389014721
    },
    "freq1.0_classical": {
      "rel_l2": 0.23824326694011688,
      "mae": 0.07548055797815323,
      "max_abs_error": 0.22801333665847778,
      "rmse": 0.09773818403482437
    },
    "freq1.0_qpinn": {
      "rel_l2": 0.08190832287073135,
      "mae": 0.027823109179735184,
      "max_abs_error": 0.07714569568634033,
      "rmse": 0.0336025133728981
    },
    "freq1.5_classical": {
      "rel_l2": 0.47568029165267944,
      "mae": 0.10781790316104889,
      "max_abs_error": 0.31772780418395996,
      "rmse": 0.13602931797504425
    },
    "freq1.5_qpinn": {
      "rel_l2": 0.23500487208366394,
      "mae": 0.0538637712597847,
      "max_abs_error": 0.25668108463287354,
      "rmse": 0.06720387190580368
    },
    "freq2.0_classical": {
      "rel_l2": 0.8834115266799927,
      "mae": 0.13931456208229065,
      "max_abs_error": 1.120521068572998,
      "rmse": 0.19346903264522552
    },
    "freq2.0_qpinn": {
      "rel_l2": 0.32195916771888733,
      "mae": 0.05524569749832153,
      "max_abs_error": 0.4271898865699768,
      "rmse": 0.07050974667072296
    },
    "freq2.5_classical": {
      "rel_l2": 1.0039918422698975,
      "mae": 0.08349528163671494,
      "max_abs_error": 1.0123534202575684,
      "rmse": 0.18040814995765686
    },
    "freq2.5_qpinn": {
      "rel_l2": 0.53484708070755,
      "mae": 0.07141415774822235,
      "max_abs_error": 0.42125052213668823,
      "rmse": 0.09610714763402939
    },
    "freq3.0_classical": {
      "rel_l2": 1.000082015991211,
      "mae": 0.055768806487321854,
      "max_abs_error": 1.0004849433898926,
      "rmse": 0.15436005592346191
    },
    "freq3.0_qpinn": {
      "rel_l2": 1.0017505884170532,
      "mae": 0.059916798025369644,
      "max_abs_error": 1.0048946142196655,
      "rmse": 0.1546175628900528
    }
  },
  "best_metrics": {
    "rel_l2": {
      "experiment": "freq0.5_classical",
      "value": 0.010767221450805664
    },
    "mae": {
      "experiment": "freq0.5_classical",
      "value": 0.004970582202076912
    },
    "max_abs_error": {
      "experiment": "freq0.5_classical",
      "value": 0.018799692392349243
    },
    "rmse": {
      "experiment": "freq0.5_classical",
      "value": 0.006417638622224331
    }
  }
}