{
  "timestamp": "2026-05-10T11:22:01.853792",
  "num_experiments": 4,
  "experiments": {
    "baseline_classical": {
      "rel_l2": 0.019801832735538483,
      "mae": 0.011295064352452755,
      "max_abs_error": 0.023104187101125717,
      "rmse": 0.012388825416564941
    },
    "baseline_qpinn": {
      "rel_l2": 0.010879994370043278,
      "mae": 0.00574089027941227,
      "max_abs_error": 0.014976143836975098,
      "rmse": 0.006806963123381138
    },
    "baseline_qpinn_builder": {
      "rel_l2": 0.015980223193764687,
      "mae": 0.00823430810123682,
      "max_abs_error": 0.02052915096282959,
      "rmse": 0.009997868910431862
    },
    "baseline_fq_solver": {
      "error": "Unknown model type: fq_solver"
    }
  },
  "best_metrics": {
    "rel_l2": {
      "experiment": "baseline_qpinn",
      "value": 0.010879994370043278
    },
    "mae": {
      "experiment": "baseline_qpinn",
      "value": 0.00574089027941227
    },
    "max_abs_error": {
      "experiment": "baseline_qpinn",
      "value": 0.014976143836975098
    },
    "rmse": {
      "experiment": "baseline_qpinn",
      "value": 0.006806963123381138
    }
  }
}